source-value,target-value
Andrew Cencici,Andrew
Brendan Hage,Brendan
Alida Bogle,Alida
Cruz Latimore,Cruz
Kimberley Halpern,Kimberley
Samuel Richert,Samuel
Bradford Lango,Bradford
Annalisa Gregori,Annalisa
Jan Kotas,Jan
Joaquin Clasen,Joaquin
Micha Junkin,Micha
Teddy Bobo,Teddy
Rudolf Akiyama,Rudolf
Carlene Garrard,Carlene
Karrie Lain,Karrie
Lashanda Cortes,Lashanda
Vena Babiarz,Vena
Kathlyn Eccleston,Kathlyn
Elias Neil,Elias
Mariya Sergienko,Mariya
Madelaine Ghoston,Madelaine
Stefany Reily,Stefany
Mackenzie Spell,Mackenzie
Chong Aylward,Chong
Jenee Pannell,Jenee
Celsa Hopkins,Celsa
Lara Constable,Lara
Melodi Chism,Melodi
Alaina Partida,Alaina
Gertude Montiel,Gertude
Rae Mcgaughey,Rae
Maryann Casler,Maryann
Nancy FreeHafer,Nancy
Trinidad Mulloy,Trinidad
Bess Chilcott,Bess
Launa Withers,Launa
Beata Miah,Beata
Andria Spagnoli,Andria
Coralee Scalia,Coralee
Desiree Seamons,Desiree
Malissa Marcus,Malissa
Jeff Quashie,Jeff
Hayley Marquess,Hayley
Irwin Covelli,Irwin
Georgina Brescia,Georgina
Lakenya Edison,Lakenya
Mariel Jurgens,Mariel
Jani Ramthun,Jani
Salley Hornak,Salley
Phillip Rowden,Phillip
Tobias Dermody,Tobias
Jeanice Soderstrom,Jeanice
Jacqualine Olague,Jacqualine
Jacquiline Heintz,Jacquiline
